Workbook
Name CaminhoUFV: #REF!
Name MCP_Cessao: #REF!

Sheet Consumo Flat
A1: Consumo médio Dia
A2: Total de Recurso
A5: DIA | B5: HORA | C5: PLD_HORA | D5: Consumo | E5: Consumo com redução | F5: Cessão | G5: Geração média | H5: Fator de Modulação Médio DU Mensal | I5: Geração Modulada | J5: Balanço Energético | K5: Balanço Energético com Redução do Consumo | L5: Resultado Financeiro | M5: Resultado Financeiro com Redução do Consumo | N5: Diferença
B6: 0 | D6: =$B$1 -> 0 | E6: =PLDH[[#This Row],[Consumo]] -> 0 | F6: =$B$2-PLDH[[#This Row],[Consumo]] -> 0 | G6: 0 | H6: =PLDH[[#This Row],[Geração média]]/PLDH[[#Totals],[Geração média]]/24 -> 0 | I6: =$B$2*24*PLDH[[#This Row],[Fator de Modulação Médio DU Mensal]] -> 0 | J6: =PLDH[[#This Row],[Geração Modulada ]]-PLDH[[#This Row],[Consumo]]-PLDH[[#This Row],[Cessão]] -> 0 | K6: =PLDH[[#This Row],[Geração Modulada ]]-PLDH[[#This Row],[Cessão]]-PLDH[[#This Row],[Consumo com redução]] -> 0 | L6: =PLDH[[#This Row],[Balanço Energético]]*PLDH[[#This Row],[PLD_HORA]] -> 0 | M6: =PLDH[[#This Row],[Balanço Energético com Redução do Consumo]]*PLDH[[#This Row],[PLD_HORA]] -> 0 | N6: =PLDH[[#This Row],[Resultado Financeiro com Redução do Consumo ]]-PLDH[[#This Row],[Resultado Financeiro]] -> 0
B7: 1 | D7: =$B$1 -> 0 | E7: =PLDH[[#This Row],[Consumo]] -> 0 | F7: =$B$2-PLDH[[#This Row],[Consumo]] -> 0 | G7: 0 | H7: =PLDH[[#This Row],[Geração média]]/PLDH[[#Totals],[Geração média]]/24 -> 0 | I7: =$B$2*24*PLDH[[#This Row],[Fator de Modulação Médio DU Mensal]] -> 0 | J7: =PLDH[[#This Row],[Geração Modulada ]]-PLDH[[#This Row],[Consumo]]-PLDH[[#This Row],[Cessão]] -> 0 | K7: =PLDH[[#This Row],[Geração Modulada ]]-PLDH[[#This Row],[Cessão]]-PLDH[[#This Row],[Consumo com redução]] -> 0 | L7: =PLDH[[#This Row],[Balanço Energético]]*PLDH[[#This Row],[PLD_HORA]] -> 0 | M7: =PLDH[[#This Row],[Balanço Energético com Redução do Consumo]]*PLDH[[#This Row],[PLD_HORA]] -> 0 | N7: =PLDH[[#This Row],[Resultado Financeiro com Redução do Consumo ]]-PLDH[[#This Row],[Resultado Financeiro]] -> 0
B8: 2 | D8: =$B$1 -> 0 | E8: =PLDH[[#This Row],[Consumo]] -> 0 | F8: =$B$2-PLDH[[#This Row],[Consumo]] -> 0 | G8: 0 | H8: =PLDH[[#This Row],[Geração média]]/PLDH[[#Totals],[Geração média]]/24 -> 0 | I8: =$B$2*24*PLDH[[#This Row],[Fator de Modulação Médio DU Mensal]] -> 0 | J8: =PLDH[[#This Row],[Geração Modulada ]]-PLDH[[#This Row],[Consumo]]-PLDH[[#This Row],[Cessão]] -> 0 | K8: =PLDH[[#This Row],[Geração Modulada ]]-PLDH[[#This Row],[Cessão]]-PLDH[[#This Row],[Consumo com redução]] -> 0 | L8: =PLDH[[#This Row],[Balanço Energético]]*PLDH[[#This Row],[PLD_HORA]] -> 0 | M8: =PLDH[[#This Row],[Balanço Energético com Redução do Consumo]]*PLDH[[#This Row],[PLD_HORA]] -> 0 | N8: =PLDH[[#This Row],[Resultado Financeiro com Redução do Consumo ]]-PLDH[[#This Row],[Resultado Financeiro]] -> 0
B9: 3 | D9: =$B$1 -> 0 | E9: =PLDH[[#This Row],[Consumo]] -> 0 | F9: =$B$2-PLDH[[#This Row],[Consumo]] -> 0 | G9: 0 | H9: =PLDH[[#This Row],[Geração média]]/PLDH[[#Totals],[Geração média]]/24 -> 0 | I9: =$B$2*24*PLDH[[#This Row],[Fator de Modulação Médio DU Mensal]] -> 0 | J9: =PLDH[[#This Row],[Geração Modulada ]]-PLDH[[#This Row],[Consumo]]-PLDH[[#This Row],[Cessão]] -> 0 | K9: =PLDH[[#This Row],[Geração Modulada ]]-PLDH[[#This Row],[Cessão]]-PLDH[[#This Row],[Consumo com redução]] -> 0 | L9: =PLDH[[#This Row],[Balanço Energético]]*PLDH[[#This Row],[PLD_HORA]] -> 0 | M9: =PLDH[[#This Row],[Balanço Energético com Redução do Consumo]]*PLDH[[#This Row],[PLD_HORA]] -> 0 | N9: =PLDH[[#This Row],[Resultado Financeiro com Redução do Consumo ]]-PLDH[[#This Row],[Resultado Financeiro]] -> 0
B10: 4 | D10: =$B$1 -> 0 | E10: =PLDH[[#This Row],[Consumo]] -> 0 | F10: =$B$2-PLDH[[#This Row],[Consumo]] -> 0 | G10: 0 | H10: =PLDH[[#This Row],[Geração média]]/PLDH[[#Totals],[Geração média]]/24 -> 0 | I10: =$B$2*24*PLDH[[#This Row],[Fator de Modulação Médio DU Mensal]] -> 0 | J10: =PLDH[[#This Row],[Geração Modulada ]]-PLDH[[#This Row],[Consumo]]-PLDH[[#This Row],[Cessão]] -> 0 | K10: =PLDH[[#This Row],[Geração Modulada ]]-PLDH[[#This Row],[Cessão]]-PLDH[[#This Row],[Consumo com redução]] -> 0 | L10: =PLDH[[#This Row],[Balanço Energético]]*PLDH[[#This Row],[PLD_HORA]] -> 0 | M10: =PLDH[[#This Row],[Balanço Energético com Redução do Consumo]]*PLDH[[#This Row],[PLD_HORA]] -> 0 | N10: =PLDH[[#This Row],[Resultado Financeiro com Redução do Consumo ]]-PLDH[[#This Row],[Resultado Financeiro]] -> 0
B11: 5 | D11: =$B$1 -> 0 | E11: =PLDH[[#This Row],[Consumo]] -> 0 | F11: =$B$2-PLDH[[#This Row],[Consumo]] -> 0 | G11: 0.34303356 | H11: =PLDH[[#This Row],[Geração média]]/PLDH[[#Totals],[Geração média]]/24 -> 8.9236533e-05 | I11: =$B$2*24*PLDH[[#This Row],[Fator de Modulação Médio DU Mensal]] -> 0 | J11: =PLDH[[#This Row],[Geração Modulada ]]-PLDH[[#This Row],[Consumo]]-PLDH[[#This Row],[Cessão]] -> 0 | K11: =PLDH[[#This Row],[Geração Modulada ]]-PLDH[[#This Row],[Cessão]]-PLDH[[#This Row],[Consumo com redução]] -> 0 | L11: =PLDH[[#This Row],[Balanço Energético]]*PLDH[[#This Row],[PLD_HORA]] -> 0 | M11: =PLDH[[#This Row],[Balanço Energético com Redução do Consumo]]*PLDH[[#This Row],[PLD_HORA]] -> 0 | N11: =PLDH[[#This Row],[Resultado Financeiro com Redução do Consumo ]]-PLDH[[#This Row],[Resultado Financeiro]] -> 0
B12: 6 | D12: =$B$1 -> 0 | E12: =PLDH[[#This Row],[Consumo]] -> 0 | F12: =$B$2-PLDH[[#This Row],[Consumo]] -> 0 | G12: 66.781663 | H12: =PLDH[[#This Row],[Geração média]]/PLDH[[#Totals],[Geração média]]/24 -> 0.017372539 | I12: =$B$2*24*PLDH[[#This Row],[Fator de Modulação Médio DU Mensal]] -> 0 | J12: =PLDH[[#This Row],[Geração Modulada ]]-PLDH[[#This Row],[Consumo]]-PLDH[[#This Row],[Cessão]] -> 0 | K12: =PLDH[[#This Row],[Geração Modulada ]]-PLDH[[#This Row],[Cessão]]-PLDH[[#This Row],[Consumo com redução]] -> 0 | L12: =PLDH[[#This Row],[Balanço Energético]]*PLDH[[#This Row],[PLD_HORA]] -> 0 | M12: =PLDH[[#This Row],[Balanço Energético com Redução do Consumo]]*PLDH[[#This Row],[PLD_HORA]] -> 0 | N12: =PLDH[[#This Row],[Resultado Financeiro com Redução do Consumo ]]-PLDH[[#This Row],[Resultado Financeiro]] -> 0
B13: 7 | D13: =$B$1 -> 0 | E13: =PLDH[[#This Row],[Consumo]] -> 0 | F13: =$B$2-PLDH[[#This Row],[Consumo]] -> 0 | G13: 226.57307 | H13: =PLDH[[#This Row],[Geração média]]/PLDH[[#Totals],[Geração média]]/24 -> 0.058940573 | I13: =$B$2*24*PLDH[[#This Row],[Fator de Modulação Médio DU Mensal]] -> 0 | J13: =PLDH[[#This Row],[Geração Modulada ]]-PLDH[[#This Row],[Consumo]]-PLDH[[#This Row],[Cessão]] -> 0 | K13: =PLDH[[#This Row],[Geração Modulada ]]-PLDH[[#This Row],[Cessão]]-PLDH[[#This Row],[Consumo com redução]] -> 0 | L13: =PLDH[[#This Row],[Balanço Energético]]*PLDH[[#This Row],[PLD_HORA]] -> 0 | M13: =PLDH[[#This Row],[Balanço Energético com Redução do Consumo]]*PLDH[[#This Row],[PLD_HORA]] -> 0 | N13: =PLDH[[#This Row],[Resultado Financeiro com Redução do Consumo ]]-PLDH[[#This Row],[Resultado Financeiro]] -> 0
B14: 8 | D14: =$B$1 -> 0 | E14: =PLDH[[#This Row],[Consumo]] -> 0 | F14: =$B$2-PLDH[[#This Row],[Consumo]] -> 0 | G14: 334.84336 | H14: =PLDH[[#This Row],[Geração média]]/PLDH[[#Totals],[Geração média]]/24 -> 0.087105939 | I14: =$B$2*24*PLDH[[#This Row],[Fator de Modulação Médio DU Mensal]] -> 0 | J14: =PLDH[[#This Row],[Geração Modulada ]]-PLDH[[#This Row],[Consumo]]-PLDH[[#This Row],[Cessão]] -> 0 | K14: =PLDH[[#This Row],[Geração Modulada ]]-PLDH[[#This Row],[Cessão]]-PLDH[[#This Row],[Consumo com redução]] -> 0 | L14: =PLDH[[#This Row],[Balanço Energético]]*PLDH[[#This Row],[PLD_HORA]] -> 0 | M14: =PLDH[[#This Row],[Balanço Energético com Redução do Consumo]]*PLDH[[#This Row],[PLD_HORA]] -> 0 | N14: =PLDH[[#This Row],[Resultado Financeiro com Redução do Consumo ]]-PLDH[[#This Row],[Resultado Financeiro]] -> 0
B15: 9 | D15: =$B$1 -> 0 | E15: =PLDH[[#This Row],[Consumo]] -> 0 | F15: =$B$2-PLDH[[#This Row],[Consumo]] -> 0 | G15: 377.40237 | H15: =PLDH[[#This Row],[Geração média]]/PLDH[[#Totals],[Geração média]]/24 -> 0.098177214 | I15: =$B$2*24*PLDH[[#This Row],[Fator de Modulação Médio DU Mensal]] -> 0 | J15: =PLDH[[#This Row],[Geração Modulada ]]-PLDH[[#This Row],[Consumo]]-PLDH[[#This Row],[Cessão]] -> 0 | K15: =PLDH[[#This Row],[Geração Modulada ]]-PLDH[[#This Row],[Cessão]]-PLDH[[#This Row],[Consumo com redução]] -> 0 | L15: =PLDH[[#This Row],[Balanço Energético]]*PLDH[[#This Row],[PLD_HORA]] -> 0 | M15: =PLDH[[#This Row],[Balanço Energético com Redução do Consumo]]*PLDH[[#This Row],[PLD_HORA]] -> 0 | N15: =PLDH[[#This Row],[Resultado Financeiro com Redução do Consumo ]]-PLDH[[#This Row],[Resultado Financeiro]] -> 0
B16: 10 | D16: =$B$1 -> 0 | E16: =PLDH[[#This Row],[Consumo]] -> 0 | F16: =$B$2-PLDH[[#This Row],[Consumo]] -> 0 | G16: 415.84741 | H16: =PLDH[[#This Row],[Geração média]]/PLDH[[#Totals],[Geração média]]/24 -> 0.10817828 | I16: =$B$2*24*PLDH[[#This Row],[Fator de Modulação Médio DU Mensal]] -> 0 | J16: =PLDH[[#This Row],[Geração Modulada ]]-PLDH[[#This Row],[Consumo]]-PLDH[[#This Row],[Cessão]] -> 0 | K16: =PLDH[[#This Row],[Geração Modulada ]]-PLDH[[#This Row],[Cessão]]-PLDH[[#This Row],[Consumo com redução]] -> 0 | L16: =PLDH[[#This Row],[Balanço Energético]]*PLDH[[#This Row],[PLD_HORA]] -> 0 | M16: =PLDH[[#This Row],[Balanço Energético com Redução do Consumo]]*PLDH[[#This Row],[PLD_HORA]] -> 0 | N16: =PLDH[[#This Row],[Resultado Financeiro com Redução do Consumo ]]-PLDH[[#This Row],[Resultado Financeiro]] -> 0
B17: 11 | D17: =$B$1 -> 0 | E17: =PLDH[[#This Row],[Consumo]] -> 0 | F17: =$B$2-PLDH[[#This Row],[Consumo]] -> 0 | G17: 433.16246 | H17: =PLDH[[#This Row],[Geração média]]/PLDH[[#Totals],[Geração média]]/24 -> 0.11268261 | I17: =$B$2*24*PLDH[[#This Row],[Fator de Modulação Médio DU Mensal]] -> 0 | J17: =PLDH[[#This Row],[Geração Modulada ]]-PLDH[[#This Row],[Consumo]]-PLDH[[#This Row],[Cessão]] -> 0 | K17: =PLDH[[#This Row],[Geração Modulada ]]-PLDH[[#This Row],[Cessão]]-PLDH[[#This Row],[Consumo com redução]] -> 0 | L17: =PLDH[[#This Row],[Balanço Energético]]*PLDH[[#This Row],[PLD_HORA]] -> 0 | M17: =PLDH[[#This Row],[Balanço Energético com Redução do Consumo]]*PLDH[[#This Row],[PLD_HORA]] -> 0 | N17: =PLDH[[#This Row],[Resultado Financeiro com Redução do Consumo ]]-PLDH[[#This Row],[Resultado Financeiro]] -> 0
... B29: 23 | D29: =$B$1 -> 0 | E29: =PLDH[[#This Row],[Consumo]] -> 0 | F29: =$B$2-PLDH[[#This Row],[Consumo]] -> 0 | G29: 0 | H29: =PLDH[[#This Row],[Geração média]]/PLDH[[#Totals],[Geração média]]/24 -> 0 | I29: =$B$2*24*PLDH[[#This Row],[Fator de Modulação Médio DU Mensal]] -> 0 | J29: =PLDH[[#This Row],[Geração Modulada ]]-PLDH[[#This Row],[Consumo]]-PLDH[[#This Row],[Cessão]] -> 0 | K29: =PLDH[[#This Row],[Geração Modulada ]]-PLDH[[#This Row],[Cessão]]-PLDH[[#This Row],[Consumo com redução]] -> 0 | L29: =PLDH[[#This Row],[Balanço Energético]]*PLDH[[#This Row],[PLD_HORA]] -> 0 | M29: =PLDH[[#This Row],[Balanço Energético com Redução do Consumo]]*PLDH[[#This Row],[PLD_HORA]] -> 0 | N29: =PLDH[[#This Row],[Resultado Financeiro com Redução do Consumo ]]-PLDH[[#This Row],[Resultado Financeiro]] -> 0
A30: =SUBTOTAL(104,PLDH[DIA]) -> 0 | C30: =SUBTOTAL(101,PLDH[PLD_HORA]) -> #DIV/0! | D30: =SUBTOTAL(109,PLDH[Consumo]) -> 0 | E30: =SUBTOTAL(109,PLDH[Consumo com redução]) -> 0 | F30: =SUBTOTAL(109,PLDH[Cessão]) -> 0 | G30: =SUBTOTAL(101,PLDH[Geração média]) -> 160.17056 | H30: =SUBTOTAL(109,PLDH[Fator de Modulação Médio DU Mensal]) -> 1 | I30: =SUBTOTAL(101,PLDH[[Geração Modulada ]]) -> 0 | J30: =SUBTOTAL(101,PLDH[Balanço Energético]) -> 0 | L30: =SUBTOTAL(109,PLDH[Resultado Financeiro]) -> 0 | M30: =SUBTOTAL(109,PLDH[[Resultado Financeiro com Redução do Consumo ]]) -> 0 | N30: =SUBTOTAL(109,PLDH[Diferença]) -> 0
K31: R$/MWh | L31: =PLDH[[#Totals],[Resultado Financeiro]]/(PLDH[[#Totals],[Consumo]]+PLDH[[#Totals],[Cessão]]) -> #DIV/0! | M31: =PLDH[[#Totals],[Resultado Financeiro com Redução do Consumo ]]/(PLDH[[#Totals],[Consumo]]+PLDH[[#Totals],[Cessão]]) -> #DIV/0!

Sheet Modulado
A1: Consumo médio Dia | B1: =AVERAGE(PLDH3[Consumo Previsto]) -> #VALUE!
A2: Custo Modulação R$/MWh | B2: =PLDH3[[#Totals],[Resultado Financeito]]/PLDH3[[#Totals],[Consumo Previsto]]*-1 -> #VALUE!
A6: DataHora | B6: DIA | C6: HORA | D6: PLD_HORA | E6: Consumo Previsto | F6: Coluna1 | G6: Geração Modulada Média DU | H6: Fator de Modulação Médio DU Mensal | I6: Geração Modulada | J6: Balanço Energético | K6: Resultado Financeito
A7: 46056 | B7: 3 | C7: 0 | D7: 495.56 | E7: =PLDH[[#This Row],[Consumo]] -> 0 | G7: 0 | H7: =PLDH3[[#This Row],[Geração Modulada Média DU]]/PLDH3[[#Totals],[Geração Modulada Média DU]]/24 -> 0 | I7: ='Consumo Flat'!$B$1*24*PLDH3[[#This Row],[Fator de Modulação Médio DU Mensal]] -> 0 | J7: =PLDH3[[#This Row],[Geração Modulada ]]-PLDH3[[#This Row],[Consumo Previsto]] -> 0 | K7: =PLDH3[[#This Row],[Balanço Energético]]*PLDH3[[#This Row],[PLD_HORA]] -> 0
A8: 46056.042 | B8: 3 | C8: 1 | D8: 388.13 | E8: =PLDH[[#This Row],[Consumo]] -> 0 | G8: 0 | H8: =PLDH3[[#This Row],[Geração Modulada Média DU]]/PLDH3[[#Totals],[Geração Modulada Média DU]]/24 -> 0 | I8: ='Consumo Flat'!$B$1*24*PLDH3[[#This Row],[Fator de Modulação Médio DU Mensal]] -> 0 | J8: =PLDH3[[#This Row],[Geração Modulada ]]-PLDH3[[#This Row],[Consumo Previsto]] -> 0 | K8: =PLDH3[[#This Row],[Balanço Energético]]*PLDH3[[#This Row],[PLD_HORA]] -> 0
A9: 46056.083 | B9: 3 | C9: 2 | D9: 377.17 | E9: =PLDH[[#This Row],[Consumo]] -> 0 | G9: 0 | H9: =PLDH3[[#This Row],[Geração Modulada Média DU]]/PLDH3[[#Totals],[Geração Modulada Média DU]]/24 -> 0 | I9: ='Consumo Flat'!$B$1*24*PLDH3[[#This Row],[Fator de Modulação Médio DU Mensal]] -> 0 | J9: =PLDH3[[#This Row],[Geração Modulada ]]-PLDH3[[#This Row],[Consumo Previsto]] -> 0 | K9: =PLDH3[[#This Row],[Balanço Energético]]*PLDH3[[#This Row],[PLD_HORA]] -> 0
A10: 46056.125 | B10: 3 | C10: 3 | D10: 376.74 | E10: =PLDH[[#This Row],[Consumo]] -> 0 | G10: 0 | H10: =PLDH3[[#This Row],[Geração Modulada Média DU]]/PLDH3[[#Totals],[Geração Modulada Média DU]]/24 -> 0 | I10: ='Consumo Flat'!$B$1*24*PLDH3[[#This Row],[Fator de Modulação Médio DU Mensal]] -> 0 | J10: =PLDH3[[#This Row],[Geração Modulada ]]-PLDH3[[#This Row],[Consumo Previsto]] -> 0 | K10: =PLDH3[[#This Row],[Balanço Energético]]*PLDH3[[#This Row],[PLD_HORA]] -> 0
A11: 46056.167 | B11: 3 | C11: 4 | D11: 376.69 | E11: =PLDH[[#This Row],[Consumo]] -> 0 | G11: 0.35444185 | H11: =PLDH3[[#This Row],[Geração Modulada Média DU]]/PLDH3[[#Totals],[Geração Modulada Média DU]]/24 -> 0.00010789769 | I11: ='Consumo Flat'!$B$1*24*PLDH3[[#This Row],[Fator de Modulação Médio DU Mensal]] -> 0 | J11: =PLDH3[[#This Row],[Geração Modulada ]]-PLDH3[[#This Row],[Consumo Previsto]] -> 0 | K11: =PLDH3[[#This Row],[Balanço Energético]]*PLDH3[[#This Row],[PLD_HORA]] -> 0
A12: 46056.208 | B12: 3 | C12: 5 | D12: 379.25 | E12: =PLDH[[#This Row],[Consumo]] -> 0 | G12: 1.3762302 | H12: =PLDH3[[#This Row],[Geração Modulada Média DU]]/PLDH3[[#Totals],[Geração Modulada Média DU]]/24 -> 0.00041894619 | I12: ='Consumo Flat'!$B$1*24*PLDH3[[#This Row],[Fator de Modulação Médio DU Mensal]] -> 0 | J12: =PLDH3[[#This Row],[Geração Modulada ]]-PLDH3[[#This Row],[Consumo Previsto]] -> 0 | K12: =PLDH3[[#This Row],[Balanço Energético]]*PLDH3[[#This Row],[PLD_HORA]] -> 0
A13: 46056.25 | B13: 3 | C13: 6 | D13: 376.86 | E13: =PLDH[[#This Row],[Consumo]] -> 0 | G13: 74.500889 | H13: =PLDH3[[#This Row],[Geração Modulada Média DU]]/PLDH3[[#Totals],[Geração Modulada Média DU]]/24 -> 0.022679246 | I13: ='Consumo Flat'!$B$1*24*PLDH3[[#This Row],[Fator de Modulação Médio DU Mensal]] -> 0 | J13: =PLDH3[[#This Row],[Geração Modulada ]]-PLDH3[[#This Row],[Consumo Previsto]] -> 0 | K13: =PLDH3[[#This Row],[Balanço Energético]]*PLDH3[[#This Row],[PLD_HORA]] -> 0
A14: 46056.292 | B14: 3 | C14: 7 | D14: 370.3 | E14: =PLDH[[#This Row],[Consumo]] -> 0 | G14: 243.05353 | H14: =PLDH3[[#This Row],[Geração Modulada Média DU]]/PLDH3[[#Totals],[Geração Modulada Média DU]]/24 -> 0.073989329 | I14: ='Consumo Flat'!$B$1*24*PLDH3[[#This Row],[Fator de Modulação Médio DU Mensal]] -> 0 | J14: =PLDH3[[#This Row],[Geração Modulada ]]-PLDH3[[#This Row],[Consumo Previsto]] -> 0 | K14: =PLDH3[[#This Row],[Balanço Energético]]*PLDH3[[#This Row],[PLD_HORA]] -> 0
A15: 46056.333 | B15: 3 | C15: 8 | D15: 369.21 | E15: =PLDH[[#This Row],[Consumo]] -> 0 | G15: 399.04965 | H15: =PLDH3[[#This Row],[Geração Modulada Média DU]]/PLDH3[[#Totals],[Geração Modulada Média DU]]/24 -> 0.12147701 | I15: ='Consumo Flat'!$B$1*24*PLDH3[[#This Row],[Fator de Modulação Médio DU Mensal]] -> 0 | J15: =PLDH3[[#This Row],[Geração Modulada ]]-PLDH3[[#This Row],[Consumo Previsto]] -> 0 | K15: =PLDH3[[#This Row],[Balanço Energético]]*PLDH3[[#This Row],[PLD_HORA]] -> 0
A16: 46056.375 | B16: 3 | C16: 9 | D16: 362.86 | E16: =PLDH[[#This Row],[Consumo]] -> 0 | G16: 484.82314 | H16: =PLDH3[[#This Row],[Geração Modulada Média DU]]/PLDH3[[#Totals],[Geração Modulada Média DU]]/24 -> 0.14758781 | I16: ='Consumo Flat'!$B$1*24*PLDH3[[#This Row],[Fator de Modulação Médio DU Mensal]] -> 0 | J16: =PLDH3[[#This Row],[Geração Modulada ]]-PLDH3[[#This Row],[Consumo Previsto]] -> 0 | K16: =PLDH3[[#This Row],[Balanço Energético]]*PLDH3[[#This Row],[PLD_HORA]] -> 0
A17: 46056.417 | B17: 3 | C17: 10 | D17: 362.09 | E17: =PLDH[[#This Row],[Consumo]] -> 0 | G17: 414.19506 | H17: =PLDH3[[#This Row],[Geração Modulada Média DU]]/PLDH3[[#Totals],[Geração Modulada Média DU]]/24 -> 0.12608751 | I17: ='Consumo Flat'!$B$1*24*PLDH3[[#This Row],[Fator de Modulação Médio DU Mensal]] -> 0 | J17: =PLDH3[[#This Row],[Geração Modulada ]]-PLDH3[[#This Row],[Consumo Previsto]] -> 0 | K17: =PLDH3[[#This Row],[Balanço Energético]]*PLDH3[[#This Row],[PLD_HORA]] -> 0
A18: 46056.458 | B18: 3 | C18: 11 | D18: 362.48 | E18: =PLDH[[#This Row],[Consumo]] -> 0 | G18: 386.74258 | H18: =PLDH3[[#This Row],[Geração Modulada Média DU]]/PLDH3[[#Totals],[Geração Modulada Média DU]]/24 -> 0.11773055 | I18: ='Consumo Flat'!$B$1*24*PLDH3[[#This Row],[Fator de Modulação Médio DU Mensal]] -> 0 | J18: =PLDH3[[#This Row],[Geração Modulada ]]-PLDH3[[#This Row],[Consumo Previsto]] -> 0 | K18: =PLDH3[[#This Row],[Balanço Energético]]*PLDH3[[#This Row],[PLD_HORA]] -> 0
... A25: 46056.75 | B25: 3 | C25: 18 | D25: 582.84 | E25: =PLDH[[#This Row],[Consumo]] -> 0 | G25: 6.5135279 | H25: =PLDH3[[#This Row],[Geração Modulada Média DU]]/PLDH3[[#Totals],[Geração Modulada Média DU]]/24 -> 0.0019828207 | I25: ='Consumo Flat'!$B$1*24*PLDH3[[#This Row],[Fator de Modulação Médio DU Mensal]] -> 0 | J25: =PLDH3[[#This Row],[Geração Modulada ]]-PLDH3[[#This Row],[Consumo Previsto]] -> 0 | K25: =PLDH3[[#This Row],[Balanço Energético]]*PLDH3[[#This Row],[PLD_HORA]] -> 0
A26: 46056.792 | B26: 3 | C26: 19 | D26: 694.33 | E26: 4 | G26: 0.98945649 | H26: =PLDH3[[#This Row],[Geração Modulada Média DU]]/PLDH3[[#Totals],[Geração Modulada Média DU]]/24 -> 0.00030120617 | I26: ='Consumo Flat'!$B$1*24*PLDH3[[#This Row],[Fator de Modulação Médio DU Mensal]] -> 0 | J26: =PLDH3[[#This Row],[Geração Modulada ]]-PLDH3[[#This Row],[Consumo Previsto]] -> -4 | K26: =PLDH3[[#This Row],[Balanço Energético]]*PLDH3[[#This Row],[PLD_HORA]] -> -2777.32
A27: 46056.833 | B27: 3 | C27: 20 | D27: 781.42 | E27: 4 | G27: 0 | H27: =PLDH3[[#This Row],[Geração Modulada Média DU]]/PLDH3[[#Totals],[Geração Modulada Média DU]]/24 -> 0 | I27: ='Consumo Flat'!$B$1*24*PLDH3[[#This Row],[Fator de Modulação Médio DU Mensal]] -> 0 | J27: =PLDH3[[#This Row],[Geração Modulada ]]-PLDH3[[#This Row],[Consumo Previsto]] -> -4 | K27: =PLDH3[[#This Row],[Balanço Energético]]*PLDH3[[#This Row],[PLD_HORA]] -> -3125.68
A28: 46056.875 | B28: 3 | C28: 21 | D28: 786.8 | E28: 4 | G28: 0 | H28: =PLDH3[[#This Row],[Geração Modulada Média DU]]/PLDH3[[#Totals],[Geração Modulada Média DU]]/24 -> 0 | I28: ='Consumo Flat'!$B$1*24*PLDH3[[#This Row],[Fator de Modulação Médio DU Mensal]] -> 0 | J28: =PLDH3[[#This Row],[Geração Modulada ]]-PLDH3[[#This Row],[Consumo Previsto]] -> -4 | K28: =PLDH3[[#This Row],[Balanço Energético]]*PLDH3[[#This Row],[PLD_HORA]] -> -3147.2
A29: 46056.917 | B29: 3 | C29: 22 | D29: 712.53 | E29: 4 | G29: 0 | H29: =PLDH3[[#This Row],[Geração Modulada Média DU]]/PLDH3[[#Totals],[Geração Modulada Média DU]]/24 -> 0 | I29: ='Consumo Flat'!$B$1*24*PLDH3[[#This Row],[Fator de Modulação Médio DU Mensal]] -> 0 | J29: =PLDH3[[#This Row],[Geração Modulada ]]-PLDH3[[#This Row],[Consumo Previsto]] -> -4 | K29: =PLDH3[[#This Row],[Balanço Energético]]*PLDH3[[#This Row],[PLD_HORA]] -> -2850.12
A30: 46056.958 | B30: 3 | C30: 23 | D30: 573.32 | E30: =PLDH[[#This Row],[Consumo]] -> #VALUE! | G30: 0 | H30: =PLDH3[[#This Row],[Geração Modulada Média DU]]/PLDH3[[#Totals],[Geração Modulada Média DU]]/24 -> 0 | I30: ='Consumo Flat'!$B$1*24*PLDH3[[#This Row],[Fator de Modulação Médio DU Mensal]] -> 0 | J30: =PLDH3[[#This Row],[Geração Modulada ]]-PLDH3[[#This Row],[Consumo Previsto]] -> #VALUE! | K30: =PLDH3[[#This Row],[Balanço Energético]]*PLDH3[[#This Row],[PLD_HORA]] -> #VALUE!
A31: Total | B31: =SUBTOTAL(104,PLDH3[DIA]) -> 3 | D31: =SUBTOTAL(101,PLDH3[PLD_HORA]) -> 457.24042 | E31: =SUBTOTAL(109,PLDH3[Consumo Previsto]) -> #VALUE! | G31: =SUBTOTAL(101,PLDH3[Geração Modulada Média DU]) -> 136.8742 | H31: =SUBTOTAL(109,PLDH3[Fator de Modulação Médio DU Mensal]) -> 1 | I31: =SUBTOTAL(109,PLDH3[[Geração Modulada ]]) -> 0 | J31: =SUBTOTAL(109,PLDH3[Balanço Energético]) -> #VALUE! | K31: =SUBTOTAL(109,PLDH3[Resultado Financeito]) -> #VALUE!
K34: =-PLDH[[#Totals],[Resultado Financeiro]]+PLDH3[[#Totals],[Resultado Financeito]] -> #VALUE!
